,Commment,Category
1,"no me jodan üòÇ . Nano SUV ? Eso no tiene nada de SUV ,",0
2,"Esas malditas estrategias de marketing para vender m√°s y lo m√°s triste es que el grueso de la gente se cree que autitos tales como el JAC E sei 1 o el Suzuki Ignis sean SUV . Por dios que mal momento para el entusiasta automotor . Solo 2 bolsas de aire , sin control de estabilidad , sin llanta de refaccion y $ 500,000 pesos puff",0
4,". Trabajo en una arrendadora y tengo tantos problemas con los clientes que arrendan un JAC por fallas y p√©simo servicio de garant√≠a que la verdad ya prefer√≠ no trabajar con esa marca ,",0
7,Buena relacion valor ( equipamiento ) vs precio ..... pero en manejo queda a deber ...,0
8,.... No joda con freno de mano electr√≥nico ! !,0
9,! ! . Ya se,0
10,üòí Kia parece chino en andar copiandole todo a los europeos .,0
11,"no se , para mi seguir√° siendo un Forte `` camionetita '' ; ) . Me encantan los Hatchback , he tenido varios , desde el Focus st , golf GTI , Audi A3 , Le√≥n , el viejo Le√≥n Cupra , un caliber srt4 , ese lo tengo a√∫n , un Volvo V40 CC T5 , que me salv√≥ la vida , , y mi Infiniti QX30 , y",0
12,"a diferencia de lo que dice Gabo , en lo personal no pagar√≠a casi 450mil por este auto . Mi opini√≥n , saludos . Creo que su aspecto sera su peor enemigo ,",0
13,buen video . Pues mucho mejor que,0
14,"Yo en lo personal no perdono que el mazda no traiga pantalla touch ! que pedo ! y por eso acabo de apartar el Forte GT en este en ese color ocaso con tonos naranja oscuro que se ve tan sexy . üòçü•∞ Aunque tiene apeido gt , se que es el del entrada pero realmente lo comparo con el mazda 3 , creo que es mejor ponerlo contra un civic o un mazda 3 que contra un gti o un cupra que ya le quedan muy lejos en precio y caballos y torque .... osea el forte cuesta 427 y el mazda 410 y hasta se parecen mucho en dise√±o exterior , la neta una comparaci√≥n entre mazda y este seria super cool y se que este gana y por eso lo compre . Se maneja muy bien , excelente calidad tenia un 2018 lo tuve que vender .",0
15,Seguro : CARISIMO ! . lo recomiendo solo para solteros o personas sin hijos . Presenta problemas de ruido dentro de cabina a bajas velocidades,0
16,"A criterio propio , no se merece la estrella , no piensa en los ocupantes de atr√°s , hasta un bora 2007 tiene salidas de AC para ocupantes traseros , y es un auto de hace mas de 13 a√±os ,",0
18,Sus llantas son un dolor de cabeza en un a√±o ya revent√© 3 llantas por los baches ! ! !,0
19,"las plazas traseras son las peores de la categoria ,",0
21,"Prefiero que dure vi√©ndose bien , a que le metan muchas cositas apantalladoras que no te van a durar ni el a√±o . Esta nueva l√≠nea no me gusta , era mejor la anterior que era muy buena ,",0
22,". Saludos , buen video .",0
23,". Compre este auto en versi√≥n isport y me encanta , corre de maravilla , es c√≥modo , la parte de atr√°s si esta muy desatendida y poco espacio pero como ah√≠ solo viaja mi hija de 5 a√±os , es espacio m√°s que suficiente y de sobra para ella .",0
24,"( velocidad m√°xima en que lo he podido correr por el tipo de carretera pero lo hace con la mano en la cintura ) en ciudad baja abruptamente hasta 8 km por litro a√∫n pis√°ndole suave , t√≥menlo en cuenta si buscan algo rendidor para andar en ciudad principalmente . Respecto de pasar los topes de lado tengo muchas reservas . Esto porque",0
25,jaja . ¬øPorque se esfuerzan tanto en que mazda `` encaje '' en el segmento premium ?,0
26,imaginen que tan lejos est√° mazda ...,0
27,como dice el admin mazda es una armadora que da mucha lana a los medios y en este creo que no es la excepci√≥n mazda no es ni sera premium .,0
28,. Mazda es una gran marca que hace grand√≠simos coches y que cada vez lo hace mejor y creo que ya es una marca con productos premium .,0
29,Gracias por el v√≠deo . AQUIME QUEDE Creo que exageraste gabo no creo que sea la estrella de si segmento le encontr√© muchos defectos,0
31,".... y luego una guantera que alcerrarla le suena todo y se le mueve todo .... mmmm no se rick , parece falso que sea lo mejor de lo mejor , quiz√°s el primer a√±o .... 400.000 para que sea desgastado luego luego .... no se . Por un momento me emocion√© pensando que era el nuevo Mazda turbo : ( Prob√© esta versi√≥n de Mazda y no",0
32,Sus interiores muy bonitos pero MUY delicados . Pd . ¬øContra qu√© estoy comparando su manejo ? ... Audi A3 de 190hp . Yo tengo mi Mazda 3 2019 versi√≥n i y estoy encantado con,0
33,los mazda por lo menos aqui,0
34,! ! sale muy malo y muy delicado y mas con las calles que existen aqui ! .,0
35,"Que tal amigOs , Tengo justo un mes que adquir√≠ este Mazda 3 2020 Grand Touring y digo este , por que el m√≠o tambi√©n es color gris titanio . Sin duda es un gran auto , con gran manejo , excelentes terminados , dise√±o exterior como interior , muy minimalista , en fin si",0
36,", pero desde que vas a adquirirlo sabes que Mazda no se distingue por ello , pero en si puedo decir que tiene el mejor sonido Bose , super potente y refinado , vale la pena , excelente respuesta del motor y gran sensaci√≥n sobre el asfalto . El tema del piano black lo resolv√≠ con un sticker en la consola central que a mi gusto qued√≥ super bien , ya esta protegido y con confianza puedo poner ahi mi celular y dem√°s cosas , sin duda muy contento con este gran auto . Y como comentario final lo compr√© a 36 MSI + Bono de $ 20k + seguro primer a√±o + 0 % CPA . En fin una gran compra y estoy encantado con mi auto , saludos a todos y en lo que les pueda ayudar como usuario .",0
37,"? Mmm , que chafa . 05:22",0
38,üëéüèΩ Prefiero el nuevo Sentra .,0
39,Pero los deslumbran con sus forritos suaves .,0
40,"üëç Gabo , perate ... perate .... Todos queremos auto electrico , pero solo un 1 % de la gente puede , todavia faltan decadas para que la gente compre electricos cono compra marchs , beats etc .....",0
41,".... A la verga todos ustedes , con sus coches y consoladores el√©ctricos ! ! ! !",0
42,"en realidad solo son 300 sitios donde cargar , con 3 estaciones cada uno . 4 . 5 minutos para llenar tu tanque de gasolina al 100 % , y adem√°s puedes cargar bidones en caso de emergencia . Para cargar un el√©ctrico , una hora en promedio , en estaciones de carga , y a ver como puta madre podr√≠as llevar bater√≠as de emergencia . No se puede . 5 . Cuando se puteen la bater√≠as del el√©ctrico , a cagar sangre , porque su sustituci√≥n costar√° el 20 % del valor del auto nuevo . Un pinche ajuste de motor te sale en 20 mil . Me parecen m√°s viables las motos el√©ctricas ,",0
43,"Muy buen video Gabo , y algo que mencionaste muy importante :",0
45,"cosas mucho mejores . Yo lo consider√© para renovar mi coche ,",0
46,Le subieron un chingo el precio y sigue siendo lo mismo jaja .,0
47,"Tan bien pen ..... los de Nissan , m√°s de 300 mil pesos por esa corcholata sin ESP üò° ,",0
48,"Yo tengo un 2013 y pues no cambia mucho , si llegar√°n adquirir alguno mejor de uso .",0
50,"NOOO , NI LOCO ME COMPRO UN MARCH POR MAS 300 K ,",0
51,üôÉ .,0
52,"Hubiesen utilizado la versi√≥n 3 puertas del Wrangler para que la comparaci√≥n sea sim√©trica . Definitivamente mala comparativa . De acuerdo ,",0
53,... Jeje .. me arrepent√≠ de haberlo comprado .. üòÇüòÇ .,0
55,ü§∑üèª‚Äç‚ôÇÔ∏è .,0
56,Soy fan de volkswagen pero esto yo no lo compr√≥ .,0
57,"Se va a extra√±ar la √©poca dorada cuando los carros y camionetas portaban ese maravilloso 2.0 turbo con 200 caballos y no daba lata para nada . Hecho en Brasil malo ,",0
60,"Repito , si este auto costara 30 mil pesos menos ... Fuera un mejor rival . Muy caro , VW la sigue cagando . wtf ! ! ! comercial disfrazado de review ni como ayudar esta basura .",0
62,", mal por vw M√©xico que siempre los hacen tan austeros a comparaci√≥n de otros pa√≠ses .",0
63,"Como siempre VW tratando de vendernos espejitos . Sin c√°mara de reversa . Sin llave de presencia Sin bot√≥n de encendido . El arcaico 1.6L really ? Mi carro de 2004 tiene ese 1.6 üôÑ en efecto bueno llevo 210k km , bien cuidado a√∫n da sus 12k x litro est√°ndar . Tambor ? ? ? No mames m√°ster NO MAME !",0
65,Lo comprar√≠a sin duda si fuera motor TSI √≥ Tdi pero,0
66,En lo personal amo la marca VW y esperaba mucho el veh√≠culo pero la vdd es una,0
67,triste la rese√±a .,0
68,Recuerdo cuando el master se quejaba del Cavalier porque le faltaba potencia y estaba caro y ten√≠a acabados con pl√°sticos corrientes y,0
69,Precisamente '' caro '' es algo que no vale lo que cuesta ...,0
70,Saludos estimado .,0
71,320 .,0
72,. Aunque creo que estaba mas enfocado al evitar robo que a evitar dejar a un bastardo ah√≠ adentro . De cualquier manera servia para las dos cosas .,0
73,‚ö∞Ô∏è directo a la basura ? .,0
74,bandita apoco no ! .,0
76,? ? solo los incautos e ignorante se iran a comprar este `` espejito '' ? ? ? P√©simo por Nissan ? .,0
78,o un Kia Cerato sedan o Hyundai Elantra ( todos b√°sicos ) .,0
79,yo soy millenial y manejo standard .,0
80,. ya la est√°n cagando en mazda ...,0
83,"Pero los Mazdetos felices con cualquier cosa . Los MAZDA me dan hueva . Es un recalentado de recalentado de recalentado , , , que haga algo bien hecho original y ya . No que es una copia de varias marcas premium . Pues ah√≠ es cuando tanto tirarle al Sentra por su suspensi√≥n trasera r√≠gida contra la del tsuru que era independiente rinde frutos ... es una porquer√≠a que en 2019 costando lo que cuesta traiga el motor viejo y la suspensi√≥n trasera chafa . 5:09 , los detalles de atras estan bien cuidados como atras , no ps vale : D Master sinceramente no es el mismo auto de antes con un poco de ajustes ? La l√≠nea de la carrocer√≠a pudo variar un poco , pero perdi√≥ la suspensi√≥n trasera independiente que antes s√≠ ten√≠a , es el mismo motor , misma caja , mismo equipo ( casi ) . Mazda siempre dice que SkyActive es una plataforma completa no s√≥lo el motor , as√≠ que basicamente estamos hablando del mismo mazda 3 de antes , de la nueva generaci√≥n sin el motor por el asunto de la calidad de gasolina .",0
84,verdad gabo . Je je je . Fijate que la Ram esta muy genial pero esa suspensi√≥n de aire no va a aguantar la friega ...,0
87,siento que va ser de esos que dan el viejazo muy pronto .,0
91,". El que tenga un jeep y no sea para llevarlo fuera de carretera es desperdiciarlo tal cual quien tiene un Mustang pero no le gusta la velocidad . Saludos ! . Que versi√≥n m√°s rara ,",0
92,". Hay que estar muy pendejo para comprar esa madre ,",0
93,? ? .,0
94,. Prefiero el sed√°n .,0
96,"desechable , igual que todo lo desechable que hay en Nissan .",0
97,"De todo nissan solo valen la Pena ... np 300 , Frontier , 370z y nissan gtr .",0
98,. Rub√©n a veces eres muy vaguetto ...,0
99,? ? ? ? ? ? . con mas de 500000 es un robo,0
100,"eso est√° chafa y sin salidas de aire atr√°s ? peor que chafa , hay algunos seat y audi que si lo traen y no cuestan lo mismo que el sobre valuado Jetta .",0
101,"Por este carro su precio de 527,000.00 pagas lo Mismo por un Altima equipado sin turbo , un accord Sport 1.5 , y otros similares ,",0
102,"Esa basura austera cuesta 309,000 pesos mexicanos ,",0
103,Demasiado caro .,0
105,".. La misma porquer√≠a gastalona de siempre , pero ahora m√°s caro ... ah",0
106,"Todo mundo ve lo bueno , yo sin verlo en f√≠sico ni manejarlo tengo varios puntos malos 1",0
107,"La suspensi√≥n trasera la cagaron ,",0
108,Pero los Mazdetos felices con cualquier cosa .,0
109,", no es atractivo a la vista como la generaci√≥n anterior . Ya sabemos como ser√° de mediocre y feo el auto con solo ver el emblema de la marca jajajaajjajaja .",0
112,LA CHEYENNE ES LA M√ÅS RESISTENTE ... NOMAS LE FALTA LA . OPCI√ìN DEL 2.7 TURBO AQUI EN MEXICO Y VA A VOLAR DE LAS AGENCIAS . No creo que este carro se venda bien en Estados Unidos por el nombre .,0
113,"Mejor le pongo 10,000 pesos m√°s y me compro la CR-V EX , y",0
116,"Que p√©simo auto ,",0
118,"Ufff demasiado cara para lo que es ,",0
119,"Quiero aclarar el punto de las encuestas contra las ventas reales . A m√≠ me pas√≥ lo mismo estaba enamorado del hatchback por las fotos y v√≠deos , incluso en la agencia me gust√≥ un poco m√°s que el sed√°n , sin embargo opte por comprar el sed√°n debido a algo que t√∫ no mencionas en el video y no entiendo por qu√© si es muy perceptible .",0
120,Muy curioso que no lo mencionadas en el video ya que fue lo primero que note de ambos autos . Prefiero el sed√°n .,0
121,"Se ve muy bien ,",0
122,y para cu√°ndo en M√©xico ? estoy pensando adquirir coche y si este desde la versi√≥n b√°sica cuenta con esa seguridad ser√≠a una muy buena opci√≥n siempre y cuando no suba mucho el precio .,0
123,con mas de 500000 es un robo,0
124,Mejor me quedo con mi suzuki swift Sport .,0
125,"Por qu√© BMW , Mercedes y el resto de premium no usas eje r√≠gido si es sin√≥nimo de refinamiento ?",0
126,". Yo creo que de ser as√≠ , la deber√≠a de considerar Bmw en su divisi√≥n M o Mercedes en Amg ? ? ? ? . S√≠ est√° bonito pero como que ya est√°n tratando de venderte gato por liebre .",0
127,Mi humilde opini√≥n .,0
128,"Creo que si buscas un manejo deportivo , es mejor opcion un Kia Forte GT . Tengo el 3 versi√≥n anterior 2014 2.5 188 hp , como nuevo solo 30 ml km , la verdad no caere en consumismo , no hay mucho cambio , de perfil la gente no nota la diferencia y de frente solo los que tenemos mazda o los cars lovers lo notan .",0
129,", para mi no vale la pena cambiarlo por este `` nuevo modelo '' . Adem√°s de que ya son tan comunes como los jettas y eres uno m√°s con mazda 3 . Pr√°cticamente es lo mismo pero m√°s caro ?",0
130,Ah pero los mazdetos creen que traen un premium jajajaja .,0
131,? ? ? ? .,0
132,. Se me hacia mas bonito el interior de la generaci√≥n anterior .,0
133,", no es atractivo a la vista como la generaci√≥n anterior . No creo que este carro se venda bien en Estados Unidos por el nombre .",0
134,‚ö∞Ô∏è directo a la basura ? .,0
135,". Jajajaja ,",0
136,"? ? solo los incautos e ignorante se iran a comprar este `` espejito '' ? ? ? P√©simo por Nissan ? . El patito feo se convirti√≥ en Cisne ,",0
137,", mi primer auto nuevo fue un Tiida y en el lejano 2008 ya ten√≠a 6 marchas , como ahora despu√©s de 11 a√±os la misma Nissan saca un modelo nuevo con 5 ... ! De la caja autom√°tica con 4 mejor ni hablar , quiz√°s tienen una bodega llena de esas porquer√≠as y no saben donde cargarlas , mejor las funden y hacen m√°s CVT . Se ve muy bien ,",0
138,"y para cu√°ndo en M√©xico ? estoy pensando adquirir coche y si este desde la versi√≥n b√°sica cuenta con esa seguridad ser√≠a una muy buena opci√≥n siempre y cuando no suba mucho el precio . Lo m√°s gracioso de VW es una f√≥rmula gastada ,",0
139,"Es un gran auto , pero comparto con usted",0
140,Esta Feo .,0
142,ya la est√°n cagando en mazda ...,0
143,"Tengo el 3 versi√≥n anterior 2014 2.5 188 hp , como nuevo solo 30 ml km , la verdad",0
144,pero sigue estando m√°s caro . Mejor un Accord SPORT . Ni el burro con llantas del mazda 6 . Tiene m√°s arranque el spark que ese mazda 6 . Ah pero los mazdetos creen que traen un premium jajajaja,0
146,. Correcci√≥n : 1 ),0
147,.. el precio una de sus √°reas m√°s d√©biles ....,0
148,"de tener un auto que se distingu√≠a de los dem√°s , pas√≥ a ser uno m√°s del mont√≥n .",0
149,", ya veremos con que sorprenden en la siguiente generaci√≥n . Espero tenga ventas bajas para que vean la porquer√≠a que ofrecieron ,",0
150,. Espero que no se animen a pagar 100 mil m√°s s√≥lo porque es a pagos chiquitos . Qued√≥ culerisimo !,0
151,Excelente video . Saludos .,0
153,"en fin , el Civic MAS CARO , anticuado y menos equipado ( excepto en seguridad ) üòíüòí . Car√≠simo ,",0
154,üòÇ .,0
155,0 ? .,0
156,"comportamiento es predecible , pero vaya ¬°ya tiene porta brazos derecho ! No me gust√≥ el juego √≥ptico trasero . Hay que aclarar que el motor equipado es pariente de Mercedes Benz y por eso subi√≥ el precio . La seguridad : es obvio que Renault nos quiere ver muertos . No fala el mamador que va salir con su `` pagar 370 k por un producto como este , para m√≠ no lo vale '' y ande en un TIIDA .",0
157,üòë .,0
159,Todo mal,0
160,pero en general es muy buen producto .,0
161,Nos√© ... Para mi es algo tan importante y c√≥modo jaja .,0
162,"Eso de la potencia , en Autodinamico , no lo entiendo , Gabo , creo que tienes el mejor canal al respecto , si , lo siento , pero creo que este es el mejor canal , al menos de Latinoam√©rica , pero si , no entiendo eso de la potencia , c√≥mo que ah√≠ no eres cr√≠tico . La potencia regularmente estuvo reservada para los coches mas costosos , o sea la gente de a pie no ten√≠amos acceso a coches de potencias reales pero todav√≠a quedaban coches con potencias medias decentes , eso se perdi√≥ y ahora muchos , pero muchos coches nuevos cuya potencia , si se mueven con m√°s soltura de la que se mover√≠an si un ser humano empuj√°ndolo , es precisamente llamada `` potencia '' . Muy triste escuchar de una canal como este y de una persona como el , que sabe mucho de carros , que esa Duster tenga bondades .... cuando saco 0 estrellas en Latin NCAP , tecnolog√≠a de hace 20 a√±os ,",0
163,"A mi lo que no me ha gustado es el consumo de combustible en ciudad ,",0
164,No imagino la incomodidad para maniobrar cuando traes prisa por solucionar un pinchazo .,0
165,. La verdad s√≠ le hace falta m√°s seguridad en comparaci√≥n con la competencia actual .,0
166,el resto muy bien .,0
168,/hr ..,0
169,Buen video . Pero,0
170,? ? ? Pfff .,0
171,dan pena ajena,0
172,"ü§î No sali√≥ la ‚≠ê en el v√≠deo üòÇ . Vw cag√≥ al Golf ,",0
174,"Va , por fin una rese√±a , ya me hab√≠a hartado de los especiales de indochina y de los Q & A . Edit :",0
175,A mi no me alcanz√≥ para el Signature : ( pero definitivamente por el mismo precio que ese Jetta me fui por un Grand Touring Plus que si te hace ver el medio mill√≥n en calidad .,0
176,como usuario de jetta ( vento en mi pa√≠s ) esperaba que le nuevo modelo se acerque m√°s al passat que al virtus . Abrazo .,0
178,"decepciona en muchos sentidos ya no enamora a la vista o al querer tener ese auto . ¬°mmmttaa , que decepci√≥n ! ,",0
181,? ? .,0
182,. Lo vendiero . üíî PORKERIA de carro por el precio al estilo estafador de Volkswagen ...,0
184,ü§î . cachivache .. as√≠ le decimos en argentina ..,0
185,üòû .,0
186,"al principio tenia mis dudas pues es Fiat pero me sorprendi√≥ y la siento mucho mejor que la tornado que tambi√©n tuvimos . Esa porquer√≠a de motor en cualquier momento va a desarmarse ,",0
187,"Fiat , no ser√° sorpresa que empiecen a descomponerse r√°pido ü§¶‚Äç‚ôÇÔ∏èü§¶‚Äç‚ôÇÔ∏èü§¶‚Äç‚ôÇÔ∏èü§¶‚Äç‚ôÇÔ∏è . .",0
189,suv .,0
190,"No es un carro econ√≥mico , el precio es caro para lo que ofrece ,",0
191,EN COLOMBIA Y SUDAMERICA SE VENDE EN DIESEL Y TIENE UN TORQUE DE TRACTOR Y UN CONSUMO CONTENIDO . ES LO NEGATIVO QUE VEO EN JEEP MX . Muchos dicen que es malo por qu√© sac√≥ solamente una estrella en seguridad .,0
192,". Otro auto muerto , honda se arranc√≥ el pito con ese precio ,",0
193,"para ser nuevo prefiero el CIVIC Viejo . Muy caro para lo que es , me quedo con mi Forte GT . El Honda Civic est√° monstrusamente sobrevalorado , en cuanto a dise√±o es el mas aburrido desde el Civic 9¬∞ y los cambios son en su mayor√≠a est√©ticos , as√≠ que no me parece nada interesante ,",0
194,. No mames la version base esta al mismo precio que el sentra mas caro el exclusive cvt bitono,0
195,", adem√°s de un dise√±o que , sin verse mal , parece un paso atr√°s frente a la generaci√≥n saliente . Muy muy caro , as√≠ no se va a vender y esperamos que Honda rectifique .",0
196,. Muy chido y todo pero osea caja cvt üôÑüôÑü§Æü§Æ,0
197,... Pero se ve interesante .,0
199,", igual no me alcanza ni para un Jetta , Sentra o Forte ! ! jsjsjsjs .",0
203,Pareciera que lo puedes desprender sin problemas Este coche naci√≥ muerto como el Virtus .,0
204,"un Chevrolet chino de $ 460,000",0
205,"No me gusta ser pesimista , pero llega a un segmento muy peleado y sin suficientes armas para la guerra .",0
206,... no veo como justificar su compra sobre cualquiera de sus rivales .,0
207,Solo queda esperar a que le bajen el precio ( Para vender unos cuantos ) como hicieron con el anterior Cavalier cuando vean que no se vende . La estrategia de Chevrolet es tan confusa como sus ideas a la hora de titular el v√≠deo como ‚Äú ahora si por Jetta ‚Äù ‚Ä¶,0
208,"extenso , sinceramente est√° lejos no solo del jetta , de casi todos de ese segmento . S√∫menle que Chevrolet es experta en desaparecer coches de la noche a la ma√±ana , no gracias . Yo me ense√±√© a conducir en un Cavalier 2001 de mi amigo , un auto divertido y bonito .",0
209,". De manera acertada el equipamiento mejor√≥ , principalmente el motor , que era la queja frecuente , sin embargo y de entrada ,",0
210,", Saludos ! ! ! . Es una verdadera tonter√≠a este carro ni para comprarlo con un precio tan elevado y sin nada de tecnolog√≠a ni seguridad no vale la pena ,",0
211,"... deja mucho que desear con sus carros ya . Un auto demasiado caro , y mas en su versi√≥n `` rs ''",0
212,"No pues , mediocre es la palabra se qued√≥ algo lejos de la competencia",0
213,"Solo el motor es el que da la cara pero no es suficiente , queda a deber bastante .",0
214,"Se ve super malisima la propuesta , antes el logo RS era alusi√≥n a deportivismo , esto es una burla ! ! ! Te venden un muy mal producto ,",0
215,"Esta car√≠simo ,",0
216,"Naci√≥ s√∫per muerto ,",0
217,Muy mal auto pero en autologia hablan maravillas de la marca !,0
218,Producto BRASILE√ëO ? AJAJAJAJ NACI√ì MUERTA .,0
219,Si no despu√©s ni se quejen que mandan pura basura .,0
220,üëé .,0
221,Luego todo bien .,0
222,SOBRE RUEDAS DE MAL EN PEOR WV HACIENDO LAS COSAS MUY MAL ....,0
223,. VW est√° abusando del concepto `` SUV '' :,0
224,"Vender un SUV-subcompacto es un ox√≠moron . Buen dise√±o exterior , pero",0
226,". Un desastre ... Viene de Brasil , mala calidad y muy caros ...",0
228,Esas √≥pticas traseras son las del Ford ka (creo q es el figo all√° en M√©xico),1
229,claramente es un hatchback de los peque√±os,1
230,"mejor un prius c desde $345,000 9 bolsas de aire, y todas las asistencias electronicas",1
231,creo que las calaveras son las mismas xD,1
232,"si el cliente est√° necio que quiere un JAC, prefiero dejarlo que se vaya a otra arrendadora.",1
233,"Faros de subaru, forma de spark, interior de kia, calaveras de figo, alma de tesla",1
234,"si manejo de noche, prefiero unos led de 20 whats que 2 halogenos de 55",1
237,seguro el Leon FR o el Golf Tsi 1.4T le dan la vuelta con menos caballos,1
238,Un macho alfa siempre le gustar√° freno de mano mec√°nico,1
240,"Tanto hatchback, liftback",1
241,"este corte del KIA no me convence, se me hace caro por lo que ofrece",1
243,el nuevo Mazda 3 que rid√≠culamente viene con una pantalla que no es touch. Aparte este a√±o no conviene comprar ni Leon ni Golf porq es el ultimo a√±o de esa plataforma. El Golf cambia totalmente de plataforma a finales de 2019 y por ende Audi a3 y Leon tambi√©n lo har√°n.,1
244,Problemas: pega en los topes con mas de 3 personas 80kg cada uno aprox. Pintura mala . Espacio trasero malo para ser un sedan familiar .,1
246,"y en cuanto al piano black, como dijo gabo, se vera bien, pero solo dura unos meses ese acabado, no niego que es el mas bonito de su segmento, pero tiene puntos a mejorar como todos,",1
249,"mido 183, y es imposible ponerse comodo. y sin ningun tipo de aminidad,",1
251,"sta es ‚ÄúX‚Äù. No creo que se acerque a las marcas premium, sobre todo en el √°rea de vents, que dan muy mal servicio",1
252,Pega en los topes y est√° muy peque√±a la parte de atr√°s,1
253,"El √∫nico pero son los consumos, en carretera llega a rondar hasta los 20 km por litro yendo hasta 120 km por hora,",1
255,"El √∫nico pecado del Mazda 3 es su altura respecto al suelo, si vas solo no hay problema, pero si van m√°s ocupantes pega con todo abajo, y duele mucho",1
256,"Es claro que no se trata solo de materiales que puedes tocar mientras manejas, son muchas cosas m√°s! Incluso las marcas premium tienen gamas que no lo son",1
257,"esos carros llevan demasiados componentes copiados de los BMW pero por ser parecidos no quiere decir que sera premiun ,",1
259,"Solo le veo dos defecto a este coche:Acabados piano black,por desgracia muy extendido tambi√©n en otras marcas y que no tenga salidas de Aire Acondicionado en las plazas traseras.",1
260,"empezando por el piano Black mal ubicado, su guantera , su altura hace que pege mucho en el suelo y su espacio",1
261,cada 3 a√±os cambia su dise√±o y se devalua su reventa.,1
262,"sus frenos NO me gustaron para nada, tengo que pisar a fondo el freno para que ‚Äúse sienta la frenada‚Äù.",1
263,el coche es hermoso y el manejo me s√∫per encanta el √∫nico pero que le pongo es que si pega en la mayor√≠a de los topes qu√© hay en la CDMX,1
264,"en Guatemala ya nadie los quiere, incluso versiones anteriores ya nadie las esta importando",1
265,Lo malo de Mazda 3 es q cuando ya tiene algunos kil√≥metros recorridos le vibra mucho el escape cuando lo enciendes y se oye horrible como si fuera un auto corriente ni un Chrysler se oye tan feo como el Mazda al encender,1
266,"considero decir que le falta poco para ser premium. Tengo 1,200 km recorridos pero no todo es perfecto, en ciudad rinde alrededor de 7.5km/ litro con un manejo normal, lo cual se me hace muy alto ese consumo, en carretera me di√≥ hasta 16km/l, el espacio trasero es reducido sin duda",1
267,3 estrellas de 5 en prueba de choque,1
268,"Yo solo por eso detalle de la mala calidad, no lo comprar√≠a..",1
269,Cajuela chica Parte trasera sin espacio muy inc√≥modo para quienes viajen atr√°s,1
270,Es un grand√≠simo fallo que no tenga salida de aire en la parte posterior.,1
272,mientras las baterias no mejoren siguen siendo juguetes de ni√±os ricos que ya tienen carro de gasolina y se pueden comprar electricos.,1
273,"1. Precio de compra demasiado elevado, tres veces el precio de uno de gasolina equivalente. 2. Autonom√≠a, el promedio de los el√©ctricos 250 km, el promedio de los de gasolina 600 km. 3. Hay 14 mil gasolineras en todo el pa√≠s. Solo 900 estaciones de carga, que si las dividimos entre 3, que son las que regularmente hay en cada punto, en realidad solo son 300 sitios donde cargar, con 3 estaciones cada uno.",1
274,"hice c√°lculos y comprando una moto el√©ctrica de 70 mil pesos, solo se necesitan unos 200 pesos de electricidad para moverte 10 mil kil√≥metros",1
275,Un auto el√©ctrico en M√©xico contamina m√°s que uno de gasolina por emisiones,1
276,No es malo pero para lo que es es casisimo Con eso te compras cosas mucho mejores,1
277,"visualmente es diferente, aunque cuando lo manejas es pr√°cticamente el mismo y el precio para la versi√≥n m√°s equipada es muy alta y no me convenci√≥.... Me Fui por el versa Mejor...",1
278,"Mejoro, pero el precio est√° ELEVADISIMO!!!",1
279,Adem√°s le quisieron copiar la parte trasera al Swift ?,1
281,El Match ya lo tenemos en Colombia y est√° much√≠simo m√°s caro y con mucho menos equipiwnto.,1
283,Es casi lo mismo con diferentes faros.,1
284,"Si no fuera por el frente, ni cuenta te das que es el ""Nuevo"" March.",1
285,"mejor un semi nuevo muy chingon de 300,000.",1
286,RECIEN ADQUIRI UN ONIX PREMIER POR ESE MISMO PRECIO!!,1
287,"M√°s de $300,000.00 pesos y sin ESP",1
288,Al Jimmy le invierto 100k en bloqueos y llantas y ni el rincon 2p pasa donde El...y cost√≥ la mitad...pensando solo en 4x4 puro sin lujos..,1
289,Jimmy tiene apenas llantas A/T y Wrangler tiene mud terrain. No utilizan los bloqueos de diferencial del Wrangler que har√≠an una diferencia enorme.,1
291,"Otra suv compacta, si se extra√±aran los sedanes en un futuro",1
292,"Que te puedes esperar de un ""POLO ELEVADO"" yo tuve uno, y lo vend√≠ porque es muy peque√±o, y muy lento",1
294,"Tiene mayor espacio en cajuela, mayor espacio interior, su manejo es impecable, tal vez no tenga tantas pantallas o c√°maras pero en practicidad es lo mejor!",1
295,"cluster de instrumentos digitales + infotainment de ~7, 8"" + paletas de cambio = 130,000 pesos M√°s en un carro con motorizaci√≥n de un GOL que les pasa VW?",1
298,"frenos de tambor por el precio es mejor el Ibiza, Rio, Accent",1
300,"soy vagueto. A√∫n as√≠, me gusta mucho m√°s el Mazda 2 o el Kia R√≠o.",1
305,"ni discos traseros,ni guata o alfombra en cofre ni tapa de cajuela,tablero chafisima y no se diga el cl√∫ster de instrumentos,precio muy alto y como es posible que solo hayan mandado una versi√≥n,mal por vw M√©xico que siempre los hacen tan austeros a comparaci√≥n de otros pa√≠ses.",1
307,El carro es malo por no ofrecer 6 bolsa ni 4 discos. Si nos basamos en lo que hay en el mercado y NOS igualamos a la basura general. NO ES L√ìGICO. No tiene aire atr√°s,1
311,. El motor 2. Calidad de materiales 3. Seguridad 4. Precio 5. Ensamble brasile√±o,1
312,"El mismo viejo motor 1.6, ya nada m√°s falta que lo saquen de carburador....",1
313,Como va a ser buena opci√≥n algo que cuesta m√°s de 250 mil pesos y a√∫n viene con frenos de tambor...110hp es una burla,1
314,"Hay mejores opciones como el Kia r√≠o LX, mejor potencia, 6 bolsas de aire, control de estabilidad, frenos de disco 4 ruedas, c√°mara de reversa, etc etc.",1
315,"290 mil y no traer frenos de disco en la parte trasera,el motor 1.6 viejo por ese precio mejor empiezas por el jetta basico",1
318,Tanta inversi√≥n y... ¬øno qued√≥ nada para renovar el tablero?,1
319,engo una HR-V 2018 y puedo decir con total certeza lo siguiente: Lo bueno: *Excelente Rendimiento de combustible en su versi√≥n con caja CVT Lo malo: *Materiales apenas √≥ptimos para los m√°s de 320,1
320,Mi corsa del 2003 ya tenia sensores que detectaban si alguien estaba adentro del auto cuando lo cerrabas y empezaba a sonar la puta alarm,1
321,Recibi√≥ 1 estrella de calificaci√≥n en el Euro Ncap,1
322,¬ø1 estrella en Seguridad?. ¬øQu√© hay de malo en eso?. La seguridad en un todo terreno son las barras antivuelco. Si quieres chocar a 184 km/hr en Reforma,1
323,Lastima que solo tiene 3 estrellas de seguridad seg√∫n Euro Ncap!!,1
324,Un mx5 techo rigido nomas por la traccion tracera,1
325,¬°Muy car√≠sima! Y tiene tecnolog√≠a de hace mas de 10 a√±os.,1
326,En el exterior se ve una camioneta bonita pero te subes y tiene el equipamiento de un vento no es nada pr√°ctica y su precio es muy elevado y tiene muy poco espacio interior para los ocupantes traseros.,1
327,Los dise√±adores tienen miedo a inovar y todos se copian los dise√±os mismos motores,1
328,Se parece al focus,1
329,"¬øEnserio Ford pretende ""colocarse como uno de los referentes de la categor√≠a"" con esta Escape con dise√±o aburrido y sin chiste? Perdi√≥ toda su identidad",1
331,Mucha tecnolog√≠a en el motor y le ponen una caja cvt brillante.,1
332,6 bolsas de aire un corolla tiene 8 y el Camry 10,1
333,Muchos cambios pero tambi√©n el precio se va a las nubes.,1
334,Transmisi√≥n manual de 5!!! en estos tiempos!!??? Autom√°tica de 4!!? en alguna versi√≥n!!??? Sin olvidar las porquerias de cajas CVT!!??,1
335,A mi s√≠ me gusta pero los materiales en la parte de atr√°s (las puertas sobre todo) se ven de la vrga,1
337,No me parece correcto que cueste m√°s de 500 mil y no traiga cromo en los botones del aire (como audi),1
338,10000 km y ya tienen desgaste de los asientos? No pues genial,1
339,6.7 km/l ? la neta Si es gaston. Y yo que quiero que mi Fusion me de arriba de 11km /l,1
340,Adem√°s del costo sumenle lo que se van a gastar de gasolin,1
341,En Chile por ese precio te compras un Ford Focus o un Kia Cerato sedan o Hyundai Elantra (todos b√°sicos),1
342,¬øEs anti millenials porque es caja Manual????,1
344,400 mil pesos por un auto con suspensi√≥n trasera de eje r√≠gido,1
346,empezaron a abaratar costos y lo primero fue la suspenci√≥n. lo del ruido es una escusa muy mala.,1
348,es eje de torsi√≥n y punto,1
349,400 mil pesos y no tiene salidas de aire trseras y poco espacio trasero que mal,1
350,mejor una suspensi√≥n trasera independiente como las generaciones anteriores.,1
353,"*Materiales apenas √≥ptimos para los m√°s de 320,000 pesos q pagas *poco nivel de equipamiento (no cuenta ni siquiera con sensor de monitoreo de presi√≥n de llantas) *los limpiaparabrisas son m√°s ruidosos de lo q limpian *habit√°culo mal insonorizado *asientos inc√≥modos para viajes de m√°s de 1 hora *Tela en puertas ? *Ruidos interiores debido a su mal ensamble *Los vidrios delanteros crujen si van a la mitad (todas las versiones lo hacen) Infinidad de malos detalles que te percatas de ellos al mes de uso",1
354,"tiene buenos acabados pero No me convenci√≥ su dise√±o, como que es dificil de digerir,",1
355,El sonido de los pl√°sticos del jaguar suena igual al del spark que manejo,1
356,"malos materiales mala ergonom√≠a y espacios, dise√±o viejo y m√°s caro que los Alemania",1
358,"es lento, pesado e incomodo de manejar. Es un auto para ir fuera de carretera y punto",1
359,"le falta much√≠simos extras y la versi√≥n srx o limited es la verdadera full, 7 airbags, control de estabilidad, bloqueo de diferencial trasero, camara de retroceso etc.",1
360,"por 749,200 te compras una lobo doble cabina 4x4 y todav√≠a te sobra pa la gas de unos 3 meses ??",1
361,En el exterior se ve una camioneta bonita pero te subes y tiene el equipamiento de un vento no es nada pr√°ctica y su precio es muy elevado y tiene muy poco espacio interior para los ocupantes traseros.,1
364,Jajaja 6 bolsas de aire un corolla tiene 8 y el Camry 10,1
365,Ese posillo equipado seguramente llegar√° con tracci√≥n delantera y la misma caja X-tronic CVT,1
366,Cvt... Misma potencia... Y aparte en su slalom a baja velocidad se noto un mal balanceo de la carrocer√≠a talvez no es totalmente malo pero esta muy lejos de los mejores de su segmento.,1
367,"La tecnolog√≠a del motor es buena, pero el auto sigue siendo corriente.",1
369,"El dise√±o no es muy prop√≥sitivo, es muy simple. Nada sorprendente estos VW",1
370,Muy caro y con mucho pl√°stico y poco equipamiento para el precio que tiene,1
372,"No me parece correcto que cueste m√°s de 500 mil y no traiga cromo en los botones del aire (como audi), traiga pl√°stico duro en las puertas de atr√°s,",1
373,Lo √∫nico que no me gusta es la palanca est√° enorme como la de un Tsuru 1 autom√°tico,1
374,"Mec√°nicamente kia no convence, gastan mucho combustible y no tienen buen desempe√±o",1
376,"mejor le metimos 50,000 m√°s y compramos una perrona mazda 3 2019",1
378,y el consumo de gasolina por kil√≥metro es pobre para un carro moderno y de ese tama√±o..,1
379,y con suspensi√≥n a√∫n peor !,1
380,400 mil pesos y no tiene salidas de aire trseras y poco espacio trasero que mal,1
381,"tengo varios puntos malos 1 poco espacio en la banca trasera 2 no conexiones en la parte trasera 3 no salidas de aire en la parte trasera 4 suspensi√≥n de eje r√≠gido, que concuerdo que mucha gente no lo notaremos pero se sabe que es mejor la independiente 5 el precio",1
382,"Otro auto m√°s sin salidas de aire traseras ni conectores, al igual que jetta, civic y elantra",1
383,mejor una suspensi√≥n trasera independiente como las generaciones anteriores. Pero los Mazdetos felices con cualquier cosa.,1
385,"Lamentablemente casi todos los autos de Nissan. No puedo creer que el interior del March sea literalmente igual al de un Chevy C2 2005 jajajajajajaja. Hasta en Europa conocido como ""Nissan Micra"" es igual o peor de inestable que la Kicks Por lo que se ve, esta marca ya no tiene futuro.",1
386,"Ellos saben que pueden hacer mucho dinero vendi√©ndole a la gente con poco dinero. Y obviamente est√° excelente ver por esa gente tambi√©n, pero lo que s√≠ no se vale es que escatimen en la seguridad. Quitar barras contra impacto laterales y ofrecer versiones sin bolsas de aire y ABS simplemente es no tener madre. Como dices, la gente compra estos carritos por 1.- Facilidad en los cr√©ditos. 2.- Por inercia. La mayor√≠a de la gente casi no sabe de carros. Simplemente si necesitas un coche nuevo y no tienes dinero ves qu√© coche hay mucho en la calle, anotas el nombre, ves que es Nissan, marca de ""confianza"" que lleva toda la vida en M√©xico, vas a la agencia te autorizan un cr√©dito y sigues con tu vida normal. El problema es cuando un pecero se pasa un alto (cosa que casi no pasa verdad) y con que te pegue a 30 km/h en el costado ya te mat√≥. Y s√≠, no todo en el March es malo, cuando sali√≥ todav√≠a exist√≠a el Chevy, el Tsuru, coches a√∫n peor que √©l.",1
387,Fijate que la Ram esta muy genial pero esa suspensi√≥n de aire no va a aguantar la friega... Ya las estoy viendo toda torcida en una brecha con un amortiguador reventado,1
388,"Cuando escuchamos Blazer esperamos una body on frame 4x4 que compita con la 4runner y la futura bronco, no un camaro en forma de SUV.",1
389,"me sigue gustando m√°s la vitara boosterjet, mucho mejor desempe√±o din√°mico, en su versi√≥n allgrip tracci√≥n en 4 ruedas llega a m√°s de 200km por hora, siete bolsas de aire en todas sus versiones.",1
391,"Ibamos bien,hata que mostraste el detalle de freno y automatico,detencion del motor,creo que me sono a falla grave al futuro.",1
392,El sonido de los pl√°sticos del jaguar suena igual al del spark que manejo,1
395,Espero que la otra swift sport no traiga refacci√≥n ahi abajo....,1
396,"En mi pa√≠s la SRV viene con el motor 3.0 turbo-di√©sel con intercooler que le da un mejor desplazamiento y desempe√±o, no s√© porqu√© Toyota decidi√≥ dejar de emplearlo en futuras generaciones.",1
397,"esta mucho mejor una np300 frontier diesel y mucho mas barata, una lobo lariat... etc",1
399,"La posici√≥n de manejo de ambos es muy diferente, en el hatchback sent√≠a la cabeza pegada al techo y muy cerca del cristal del parabrisas, cosa que no paso en el sed√°n. Eso me hizo cambiar de opini√≥n y quedarme con el sed√°n y estoy de acuerdo con alguien que comento aqu√≠ en el canal que las encuestas las contesta gente que no compra ya que si hicieran la prueba de manejo de manos coches, si siquiera visitaran la agencia se dar√≠an Cu√©nta de por qu√© el sed√°n se est√° vendiendo m√°s.",1
400,"La parte trasera del HB es muy redonda, no me gusta!",1
401,"El problema de Nissan ,es que se aferra ala transmisi√≥n CVT en sus veh√≠culos",1
402,"esperemos que para el mercado Mexicano cuente con mejor seguridad, 6 bolsas de aire, control electr√≥nico de estabilidad ABS, mayor rigidez estructural",1
403,A ver si le sirve los tres pistones a Renault por qu√© a Volkswagen no le funcion√≥ y a comparaci√≥n del up. √âsta mucho mejor el kwid,1
405,"sin faros de niebla, poco nivel de materiales faltan muchas cosas en la parte trasera.",1
406,7.7km/L? No gracias! Y por 550mil.,1
409,"Por qu√© BMW , Mercedes y el resto de primium no usas eje r√≠gido si es sin√≥nimo de refinamiento? A√∫n en las versiones que privilegian el confort al desempe√±o.",1
410,"Ahora resulta que la suspensi√≥n r√≠gida del nuevo Mazda, es milagrosa",1
412,Era obvio que la suspension trasera es inferior din√°micamente comparada con el modelo saliente.,1
413,"No trae el motor sk X, no tiene susp trasera ind, y hasta menos espacio interior,",1
415,"Otro auto m√°s sin salidas de aire traseras ni conectores, al igual que jetta, civic y elantra",1
416,Hasta los autos chinos vienen con suspensi√≥n independiente trasera...y este Mazda‚Ä¶no....que pasa,1
417,Le faltaron detalles.para ser el m√°s equipado una falla grande es la salida de aire trasera y las entradas de usb,1
419,"perdi√≥ el dise√±o refinado y estilizado por un dise√±o casi sin l√≠neas,",1
420,"Cuando escuchamos Blazer esperamos una body on frame 4x4 que compita con la 4runner y la futura bronco, no un camaro en forma de SUV.",1
422,"esta nueva generaci√≥n salio con defectos de soldadura en partes del chasis que se desprenden, busquen en internet y veran",1
423,ntonces el Golf GTI perteneciendo al siguiente segmento es igual de lento que el Swift Sport ya que tiene el mismo tiempo de aceleraci√≥n de 0 a 100 en 8 segundos :v,1
424,"El Suzuki Swift Sport es el Honda Civic Type R del pueblo. Japon√©s, tracci√≥n delantera,5 puertas,motor 4 cilindros turbo, transmision 6 cambios.",1
425,"Se quejan de que el jetta no tiene salidas de aire y usb en la banca posterior y ni el mazda 3 tiene,tampoco el nuevo accord",1
426,"A M√©xico llegar√° con una bolsa de aire, sin abs, sin Cvt, sin la pantalla central, con tambores atr√°s, y con suspensi√≥n se eje trasero ,",1
427,"D√©jenme adivinar, a Colombia llegar√° con s√≥lo 2 miserables bolsas de aire y ABS. Nada mas, pero los rines y la pantalla si se la dejan para atrapar bobos",1
428,Transmisi√≥n manual de 5!!! en estos tiempos!!??? Autom√°tica de 4!!? en alguna versi√≥n!!??? Sin olvidar las porquerias de cajas CVT!!?? ?,1
429,todo muy bien salvo lo de la caja manual de 5 velocidades,1
430,"esperemos que para el mercado Mexicano cuente con mejor seguridad, 6 bolsas de aire, control electr√≥nico de estabilidad ABS, mayor rigidez estructura",1
431,versiones R que no lo son y precios que no lo justifican para consumidores que siguen cayendo en la trampa.,1
432,"el hecho de que no tenga tanto salida de AC en la parte trasera asi como salidas usb atras, a estas alturas es un error imperdonable de parte de VW.",1
433,"Ya muy pasado de moda para se√±ores, interiores de plastico",1
434,los primeros GLI e inclusive el Jetta Cl√°sico GLI son mejores y a un precio m√°s accesible en sus respectivas √©pocas.,1
435,asi es lo mismo que un 370 o un mustang para un 4 cilindros,1
436,"400 mil pesos por un auto con suspensi√≥n trasera de eje r√≠gido, es un robo",1
438,"como voy a creer, que la suspencion de eje rigido es mejor :/",1
440,Bueno retrocedi√≥ por la suspensi√≥n pero sigue estando m√°s caro. Mejor un Accord SPORT. Ni el burro con llantas del mazda 6. Tiene m√°s arranque el spark que ese mazda 6. Ah pero los mazdetos creen que traen un premium jajajaja,1
442,"de paso, por el precio ni en su versi√≥n m√°s equipada incorpora un espejo electrocromico y tampoco salidas de aire para los ocupantes traseros (cosa que un Kia Forte si tiene) ¬øQuien en su sano juicio comprar√≠a un Civic Touring antes que un Jetta GLI, un Mazda 3 Turbo o un Forte GT?",1
443,El Kia s√≠ tiene control de crucero inteligente. 2) El Honda NO tiene monitor de punto ciego del lado izquierdo.,1
445,"No siempre los cambios son para mejorar, el exterior se v√© m√°s simpl√≥n, el frente se ve que lo cambiaron para reducir costos, igual la parte trasera, de tener un auto que se distingu√≠a de los dem√°s, pas√≥ a ser uno m√°s del mont√≥n.",1
446,Dieron 2 pasos hacia atr√°s en el dise√±o .,1
447,"casi todo igual, cambios est√©ticos por 5 mil d√≥lares m√°s; los gringos ven algo de 3 mil d√≥lares m√°s y no lo compran, teniendo tanto poder adquisitivo. Espero que no se animen a pagar 100 mil m√°s s√≥lo porque es a pagos chiquitos",1
448,"Le quitaron lo juvenil, deportivo, dise√±o propositivo.",1
449,"2 caballos m√°s que la generaci√≥n pasada, un dise√±√≥ con labio leporino del frente y un Jetta de la parte trasera, un sistema de entretenimiento que vale m√°s que todo el interior (menos mal tiene algo copiado de Tesla) por 579,000 pesos? Consideran que enserio lo vale?",1
450,"Con este dise√±o, aun se har√° una versi√≥n type R? Se ver√° muy raro....",1
451,ese interior me recuerda mas a un auto de Dodge que de Honda.,1
452,"Me gusto mas este dise√±o a comparacion del 2021, le faltan detalles para justificar ese precio.",1
454,De frente parece un Lancer por los faros y por atr√°s parece un Corolla,1
460,"Wow, como las cosas se abaratan conforme se desarrollan, antes 12 sensores de estacionamiento solo en Mercedes de alta gama, ahora el carrito de lata puede tener sus buenos frenos de tambor, y aun as√≠ tener el set de 12 sensores.",1
461,"En Colombia la venden con opci√≥n de caja manual de 6 marchas, 4x4 con el motor turbo, y se maneja muy bien con esa configuraci√≥n la verdad, parece que les limitaron las versiones en Mexico.",1
462,"jurar√≠a que desea vernos muertos, al grado de poner airbags m√°s peque√±as en los Sandero, motores de 1.3 litros en veh√≠culos pesados como el Duster y si a eso sumamos que los mismos directivos dicen ""no les vendemos m√°s por qu√© sus gobiernos tercermundistas no lo exigen"", la verdad estamos muy mal, pero a√∫n as√≠ vaya que nuestro coraz√≥n tiene forma de rombo, pero esta vez si se pasaron de lanza y muy feo, con los n√∫meros el comportamiento es predecible, pero vaya ¬°ya tiene porta brazos derecho! No me gust√≥ el juego √≥ptico trasero.",1
464,"MI hermano ten√≠a la versi√≥n anterior, a√±o 2018, sonaba todo lo que tocabas.",1
465,"Mientras que el Kwid y Kangoo son autos durables y buenos para su precio, los Renault/Dacia tienen todo tipo de problemas con el sistema el√©ctrico, el aire acondicionado, puertas descuadradas, pintura defectuosa y mal ensamble.",1
466,En Argentina la venden di√©sel 1.4 turbo 4x4 viene de Colombia y la seguridad es la misma ?‚Äç‚ôÇÔ∏èac√° a chile llega la brasile√±a solo 1.6 tracci√≥n 4x2...,1
468,"El cargador para los lugares de atr√°s est√° escondido pero est√°, esta atr√°s de la banca trasera por la tercer ventana y s√≠ adolece de seguridad",1
469,No entiendo un auto tan grande sin unos decentes posa botellas .,1
470,"Ya no entiendo √©so de la potencia, yo tuve una Duster, 2018, 2 litros 4 cilindros autom√°tica y lo de la potencia... estaba pal perro, incluso en ciudad, no ten√≠a ni para ""cuidar mi lugar"" en mi carril manejando, incluso en ciudad hacer un rebase requer√≠a de revolucionar el motor mucho, mucho! Ahora con √©se motorsito para el peso de esa camioneta pues...",1
471,"Muy triste escuchar de una canal como este y de una persona como el, que sabe mucho de carros, que esa Duster tenga bondades....cuando saco 0 estrellas en Latin NCAP, tecnolog√≠a de hace 20 a√±os, motores lentos, acabados de pl√°stico casi chino, cero confort, cero sensores, ...... Responsable es decir que Renault se enriquece a costillas de la poca informaci√≥n de los latinoamericanos.",1
472,"Que tal. Tengo hatch back 2019 y ya por garant√≠a le cambiaron el brazo de la direccion, spoiler trasero, tapa de la cajuela, se descompuso la chapa de la cajuela y se tardaron 5 meses en tenerla disponible. Terminaron por cambiar toda la tapa de cajuela. Ahorita la misma cajuela hace ruido como si fueras en una caribe 82 con la tapa suelta.",1
473,"dif√≠cilmente me da mas de 9 km/l, aunque en carretera si me ha llegado dar hasta 17 km/l, pero es mas lo que conduzco en ciudad, as√≠ que por el momento no me tiene satisfecho en ese sentido",1
474,"Solo 2 bolsas de aire.... solo la maquillaron Motor mas peque√±o, con solo 5 cambios en la transmisi√≥n... un paso para atr√°s.",1
476,"yo no entiendo a las marcas que ponen calaveras led y no faros led, cuando son mas importantes los faros que las primeras.",1
478,"La consola sigue estando muy abajo no est√° bien ,se tiene que bajar mucho la vista",1
479,La buena es la turbo de 154equinos....ya que por su pesola de 115hp...no tiene el desempe√±o adecuado...ahora bien en contratiene que solo presenta 2 airbags...y la suspencion trasera que no es independiente.,1
480,lastima solo dos bolsas de aire por lo otro se la ve mucho mejor,1
481,"Esta camioneta ya la tenemos en Colombia, pero tambi√©n viene con las misnas 2 bolsas de aire a comparaci√≥n con un kwid que tiene 4, eso no me gusta.",1
484,gran motor pero lastima que no venga de serie con las 4 bolsas de aire se quedo atras con la competencia,1
485,"No debe llevar 6to cambio. Porque es un camioneta. Tiene el centro de gravedad alto, es inestable a alta velocidad y en curvas.",1
486,Mantener los mismos 2 airbags no es evoluci√≥n,1
488,"lastima que este moderlo aun llegando despues de siglos de estar en otros mercados, llega con una caja manual de 5 velocidades.",1
489,Buen tren motriz l√°stima de carrocer√≠a! (muy lanch√≥n),1
490,Por qu√© el interior de todos los jettas tienen el mismo olor,1
491,Solo 230 km de autonom√≠a con un poco m√°s de medio tanque!?,1
492,"El cl√∫ster digital de los Seat es el mismo ? o tiene funciones diferentes? Porqu√© dicen que comparado con un GTI, √©ste GLI es una ganga",1
493,"primero con ya no producir transmisi√≥n manual en M√©xico, ni traerlo con la versi√≥n 2 puertas y sobre todo con el precio elevad√≠simo, pero ya hacer un GTI con la misma potencia que un Jetta GLI si cagaron feo a un emblema de la marca como el Golf.",1
494,"me caga que vw solo se ven masomenos en la versiones tope antes estan del navo, ESE MOTOR Y ESA TRANSMISI√ìN SUPER MALOS vw solo vive de la fama de antes xD :v",1
495,tiene sistema de escapes con v√°lvulas como el Golf GTI que se pedorrea,1
496,"Cuando consideras que por 13% m√°s puedes conseguirte un Mazda 6 Signature con el 2.5 Turbo, con esos interiores, con la misma calidad en los asientos traseros, con una p*!a salida de AC atr√°s... se nota que es una estafa.",1
498,El hecho que no exista una versi√≥n con transmisi√≥n manual me hace descartarlo por completo.,1
499,"y un turbo as√≠ como un cluster digital. Perfectamente los puedes comprar por separado y te sale mucho m√°s barato, te ahorras esos casi 90,000 extra.",1
503,el cluster de instrumentos no es cluster de info entretenimiento por ese motivo no lo pusieron,1
504,Pues el interior es igual que la golf,1
505,Bisagras de la cajuela expuestas enserio,1
506,"Como dicen todos uno de los mejores GLI fue el Bora mi familia lo tuvo no lo llegu√© a manejar era muy peque√±o despu√©s se vendio y se compr√≥ el el TDI equipado, era 2007 y tra√≠a suspensi√≥n en la cajuela y no esas gansuas feas, asientos en piel, desempe√±ante en todos los vidrios hasta laterales, rines 17 pulg. que se luc√≠an mucho mejor que esos, llanta perfil bajo, suspensi√≥n trasera independiente la caja DSG era una chulada en altas revoluciones en bajas pateaba como todas, el motor di√©sel 1.9 turbo era bastante bueno tambi√©n y el consumo ni se diga y frenaba super bien un dia me toco frenar de 170 a alto total se ve atraves√≥ un trailer en carretera y pise a fondo y en todo momento tuve el control del carro no patino ni coleo ni 1 cm. Nada una chulada me encantaba ese carro",1
507,"Sin salidas de aire traseras, sin usb, pl√°sticos duros ademas de feo! Etcc etc pfffffd",1
509,"Los que compren este auto tienen que saber que esta 700 (fiat strada) esta echa sobre la plataforma del Fiat MOBI (Segmento A) de muy mala calidad para ser justos. Pude subirme a esta strada y es muuuy angosta y chiquita en el interior , lo que es logico sabiendo que es MOVI con una caja. Y lo aclaro , NO se hace sobre la base del argo/cronos. Se fabrica sobre la base del MOVI",1
510,como pretenden que lleve carga si con ese motor apenas y puede moverse ella misma,1
511,"este es un producto 90% de Fiat con apenas un 10% de ram (solo los logos) lo mismo sucede con la ""ram"" 1000 que es una Fiat toro..",1
512,Al parecer ya no viene con el bloqueador de diferencial,1
513,"La versi√≥n anterior tiene mejor potencia que la tornado y el motor es 1.6 pero tiene torque le cargamos 700 kg y anda bien,",1
514,"porque un motor basura como ese de 1.3 litros s√≥lo llega a 98 hp si lo fuerzas mucho a altas revoluciones y por ende m√°s compresi√≥n en esa porquer√≠a. Todav√≠a tienen el descaro de no ponerle turbo, y peor a√∫n sabiendo la ??? que produce Fiat, no ser√° sorpresa que empiecen a descomponerse r√°pido",1
515,Yo pensaba que traia un torque mas destacable y que era traccion trasera,1
516,"No me gusta tanto el frente, demasiado grande esa parrilla para mi gusto",1
517,"¬øQU√â LES COSTABA PONERLE EL MOTOR 2.0 de 145 HP y 145 lb pie del Sentra?, con ese motor sin duda ser√≠a una mejor opci√≥n, sin embargo con esta motorizaci√≥n NO vale 453 mil pesos, ojal√° nadie compre las 2 versi√≥nes mas equipadas",1
518,Esta padre pero por espacio me voy por Sentra .,1
519,Yo tuve el 2017 muy bueno sobretodo en consumo de combustible pero pero pero pero el funcionamiento de su caja de velocidades si fue una patada en las hue... Tuve que cambiar a√±o siguiente de suv,1
520,"a parrilla vmotion, muy muy pero muy fr√°gil. Tiene m√°s resistencia un Tupperware",1
522,"Casi medio mill√≥n de pesos?? ??? con ese precio, motor y caja no se vender√°. Con lo que vale me compro una VW Taos",1
524,"Ese vehiculo necesita un motor mas potente, 118 caballo de fuerza se quedan cortos para cuando vas con 4 ocupantes y maletas, es un peligro rebasar.....",1
526,Recibi√≥ 1 estrella de calificaci√≥n en el Euro Ncap ‚ö∞Ô∏è directo a la basur,1
527,El motor no es malo es *MAL√çSIMO*,1
528,"Muchos dicen que es malo por qu√© sac√≥ solamente una estrella en seguridad. Sac√≥ una estrella por qu√© no tiene bolsas de aire en las ventanas por su techo corredizo, y le faltan algunas asistencias electr√≥nicas,",1
529,"casi 600mil pesos por un auto con motor de podadora, calidad promedio y con much√≠simos faltantes en equipamiento",1
530,Y sus tomas de aire en la parte de atras? Como aqui no dicen nada? en todos lados mencionan Jetta y Forte sin tomas traseras y a este no le dicen nada? Retrovisor manual en la version mas equipada? USB tipo A ninguno tipo C?,1
531,"de paso, por el precio ni en su versi√≥n m√°s equipada incorpora un espejo electrocromico y tampoco salidas de aire para los ocupantes traseros (cosa que un Kia Forte si tiene) ¬øQuien en su sano juicio comprar√≠a un Civic Touring antes que un Jetta GLI, un Mazda 3 Turbo o un Forte GT?",1
532,"que tiene freno autonomo de emergencia con deteccion de peatones, alerta inteligente de colision frontal, asientos en piel, descansabrazos en la parte trasera, encendido remoto de motor, conexiones tipo c que es lo que hoy se usa, monitoreo de presion de llantas, faros full led, suspension trasera independiente, camara 360, alerta de trafico cruzado, advertencia de cambio de carril, alerta inteligente para el conductor, 10 bolsas de aire y la opcion de elegir un segundo color para el techo. todo esto que la version base de ese civic no tiene.",1
534,"Siguen con sus asientos en tela corrientes, son malisimos..",1
535,el precio elevado no punto ciego no cargador inductivo no luz de ambiente haciento sin aire calefactable para que sin memorias de haciento lo √∫nico bueno el sonido bosse,1
537,El mismo motor que la generaci√≥n anterior,1
538,Solo me gusto las salidas de aire acondicionado ? el resto parece un retroceso en dise√±o,1
539,y no le pueden poner salidas de aire a los asientoa traseros q autos de la mitad de precio si le ponen,1
541,Por ese precio ni loco antes un Camry,1
542,Pedir 580mil y ponerle un espejo retrovisor manual y quitarle los sensores de punto ciego? Suerte con la venta,1
543,"Dise√±o exterior: horrible Dise√±o interior: muy bien Costo / beneficio: relativamente mal *Creo que KIA Forte GT, VW Jetta y Hyundai Elantra m√°s equipado son mejores*",1
544,Al pasajero de en medio de atr√°s se le van a enfriar los huevos con esas ventilas.,1
545,"Y se me hace muy raro que por ese precio ni siquiera tenga quemacocos o asientos de piel. No cabe duda de por qu√© el mercado se inclina cada vez m√°s hacia los koreanos y recientemente, hasta los chinos.",1
546,"No s√© si es mi imaginaci√≥n o es el color blanco, pero parece como un rompecabezas, las l√≠neas del armado del espacio son muy gruesas. Pareciera que lo puedes desprender sin problemas",1
547,unas llantitas mini con peque√±os rines . Equipo b√°sico . Y no Inova en nada. Mismo motor . Viene de India solo este se vender√° en pa√≠ses subdesarrollados.etc. prefiero un Jetta o un Corolla .,1
548,"y usa llave de navaja , tablero anal√≥gico y 4 bolsas , UNA BURLA",1
549,"a peor omisi√≥n es la falta de bolsas de aire de cortina (una chevroleteada). No tiene encendido por bot√≥n (irrelevante dirian algunos), solo dos cabeceras en el asiento trasero? No tiene descansabrazos trasero? No tiene adroid auto? Por un precio similar o incluso inferior agarras un Kia Forte GT Line, Mazda3 iGT, Nissan Sentra SR, Jac J7 Limited, Elantra Limited, Honda Civic i-style (un poco caro) todos creo yo, mejores que este Cavalier... no veo como justificar su compra sobre cualquiera de sus rivales.",1
552,"con 4 bolsas de aire, sin ajuste telesc√≥pico de volante y un etc. extenso, sinceramente est√° lejos no solo del jetta, de casi todos de ese segmento. S√∫menle que Chevrolet es experta en desaparecer coches de la noche a la ma√±ana, no gracias.",1
553,"Veo que ha evolucionado bien, pero el nombre ""Cavalier"" merece m√°s. Me hubiera gustado m√°s potencia y sobre todo m√°s seguridad activa y pasiva. No s√©, es lo que pienso.",1
555,"que no traiga encendido de bot√≥n, aire autom√°tico, espejo electrocromico ni sensor de lluvia la verdad no vale la pena ni voltear a ver a chevrolet... deja mucho que desear con sus carros ya",1
558,"No es posible que por ese precio den solo 4 bolsas de aire, cuando el Onix ofrece las 6 en todas sus versiones. Muy mal Chevrolet!",1
559,"Visualmente mejor√≥ y se actualiz√≥ pero el hecho que tenga 4 bolsas de aire lo deja fuera de la competencia, honestamente no me parece l√≥gico que el onix tenga mayor seguridad siendo un segmento inferior.",1
560,"on solo 4 bolsas de aire para comenzar, pasando por el infoentretenimiento, solo Apple, la parte trasera ni una salida de aire o conexi√≥n de nada etc. Solo el motor es el que da la cara pero no es suficiente, queda a deber bastante",1
562,"o bueno: el dise√±o Lo malo: literalmente todo lo dem√°s, seguridad y equipamiento de autos de 250mil pesos, calidad de auto de 180mil pesos, mec√°nica aceptable y sobretodo un precio superior al nivel de autos infinitamente superiores como Corolla, forte, Sentra y Jetta",1
563,"con interior de un sonic premier, h√≠brido con otros, caja autom√°tica por lo cual para manejos de ciudad en cuanto consumo vas a gastar 9km por litro, que es caso lo mismo que un Porsche, y todo este enga√±o por casi medio mill√≥n de pesos?!? Hace 4 a√±os el Malibu m√°s equipado ten√≠a aproximadamente el mismo precio y son de dimensiones totalmente distintas en cuanto a entrega de producto... Lamentable la decadencia y descaro de los productos de Chevrolet",1
565,"Me gusta el dise√±o exterior y no esta mal para lo necesario el motor, pero Chevy sigue con ese tema de calidad baja en la mayor√≠a de sus autos en temas de dise√±o interior (m√°s que nada tablero) y materiales, yo espero much√≠simo m√°s de la marca.",1
568,Car√≠simo a lo mejor ser√° por su turbo eficiente jajaja C√≥mo si los dem√°s autos que tienen turbo no son eficientes.,1
569,"tan solo con traer llave normal a mi me perdio, por el precio un Mazda es mucho mejor, no niego q el cabalier es bonito por fuera pero el precio asusta y aun no es halloween !! Saludos !!",1
570,"calidad general, sistemas de seguridad , equipamiento‚Ä¶ hay mucho mejores ofertas en el mercado.",1
571,"Me llama la atenci√≥n que sea tan caro con pl√°sticos duros, encendido con llave, AC manual y walkie talkie!!!",1
573,"4 bolsas de aire, encendido tradicional, ninguna ayuda adicional extra ala generaci√≥n pasada y todo esto por m√°s de 400 mil pesos, Nmms d√≠ganme cualquier visi√≥n, VW, Mazda, Nissan, cualquiera de esos por ese precio te dan much√≠simas cosas m√°s en cuestiones de seguridad audio y de m√°s.",1
576,"Es caro tiene p√©simo equipo de seguridad parece por dentro un baic en el tablero de hecho hasta suena emocionado del auto , es feo por fuera y por dentro ! El mg5 elegance cvt cuesta menos que est√° porquer√≠a y tiene mejor todo de defensa a defensa y en equipo a√±os luz pero eso no lo mencionan",1
578,Camioneta? Es un polo con pl√°sticos negros.....,1
580,"Lo bueno: motor turbo, tecnolog√≠a, dise√±o. Lo malo: falta de equipamiento de confort (piel, full led, QC), habitabilidad, precio. Lo feo: hecha en Brasil ?? ¬°Saludos, Kons!",1
581,Muy poca potencia,1
582,"El motor no es del todo nuevo, pues el toledo ya desde el modelo 2018 lo trae y da buenos consumos y buena potencia",1
583,"No es una camioneta, es un crossover (CUV). ? Una camioneta es un veh√≠culo de carga",1
584,"No van a ofrecer una versi√≥n con un motor que valga la pena? Me encanta el dise√±o, pero ese motorcito de juguete, siendo sinceros, no sirve para nada ?",1
586,Sufre mucho en el despegue y eso que tiene buen torque,1
587,S√∫per completo para su precio pero s√∫per inc√≥modo en la parte trasera,1
588,"Vivo en S√£o Paulo, tuve que cambiar la Nivus por una X1 por qu√© hay muchas cosas que decepcionan dejando de lado el motor. Nivus Highline: Si bien tiene buenas amenidades, estas son opacadas por la calidad de los materiales, es decir, parece como si hubiesen reciclado el pl√°stico de los Nokia 5120 para hacer el interior, todo lo q puede tocarse es del plastico mas c#lo hecho por el hombre, si bien los asientos de la mayor√≠a ahora son de plastipiel, en el nivus se nota de lo que son al tacto y a la vista. Ahora los asientos de atr√°s, los asientos de atr√°s son perfectos para llevar en viajes cortos a alguien que te deba dinero, suegras, archienemigos o gente con s√≠ndrome de treta-amelia. L",1
589,Motor 1.6 naturalmente aspirado: motor viejo y sin chiste que tiene una aceleracion muy lenta Motor turbo 1.0: motoe nuevo que mueve bien el auto pero le cuesta un mont√≥n arrancar xD Soluci√≥n: motor 1.6 turbo,1
590,"Nadie: Marcas de autos: le quitan un cilindro y le ponen turbo* Los que prueban los autos: oh, interesante mec√°nica, buen auto.",1
592,"Si llegara con un motor m√°s potente arriba de los 150-170 hp y con mejores materiales podr√≠a ser un producto interesante. Sobre si sustituir√° a la ninungueada T-Cross tengo mis dudas, si bien es un producto m√°s atractivo por dise√±o, su espacio trasero es limitado y eso cuando buscas una ""camioneta"" puede ser un factor decisivo, ya se vio en la CH-R de Toyota que fracas√≥. O en la CX-3 que ha sido eclipsada por la m√°s amplia (aunque a√∫n algo reducida) CX-30. A como va a llegar con ese motor anemico y esos materiales solo tendr√≠a sentido por debajo de los $400.",1
593,"ahora resulta que hasta un VW Polo inflado (popped up), es un SUV. Y con tantos SUV en su portafolio VW (oferta), est√°n saturando el mercado con ocurrencias. Por qu√© no aprender a los koreanos con su oferta de productos bien definidos por segmento y con SUVs qu√© s√≠ tienen tama√±o y prestaciones de SUV?! Y del precio estimado, ni se diga... car√≠simo para lo que es (motorcito). Vender un SUV-subcompacto es un ox√≠moron.",1
594,"con ese motor sin fuerza y transmisi√≥n autom√°tica no la veo buena para nada, motores peque√±os se desgastan m√°s r√°pido que uno grande, aparte por el turbo hay que ponerle gasolina premium aunque VW diga que no",1
595,"Calidad de ensamble de un pa√≠s jodido, fallas en la bomba de gasolina, rebabas en los pl√°sticos, ruidos, motor an√©mico, transmisiones viejas. ¬øQuien se atreve a comprar esa porquer√≠a para tercermundistas? Compren CALIDAD, MAZDA, Honda, Toyota m√≠nimo. Si no despu√©s ni se quejen que mandan pura basura.",1
597,"No es comercial, pero el motor de la Toyota chr es del doble de cilindrada (2.0 lts) sin turbo y rinde en carretera 16.5 km/lt cu√°l es la ventaja de este motor tan peque√±o turboalimentado",1